Head,Relation,Tail,Original Tail,Tail Noun Chunks,Title,Article,Original Article Text,Clean Original Tail
annual account union,prepare,financial year,for each financial year which shall run from 1 january to 31,"['financial year', '1 january']",TITLE XIII ANNUAL ACCOUNTS AND OTHER FINANCIAL REPORTING,Article 241  Structure of the accounts ,"['\nThe annual accounts of the Union shall be prepared for each financial year which shall run from 1 January to 31 \nDecember. Those accounts shall comprise the following: \n(a) the consolidated financial statements, which present, in accordance with the accounting rules referred to in Article 80, \nthe consolidation of the financial information contained in the financial statements of Union institutions, of Union \nbodies referred to in Article 70 and of other bodies meeting the accounting consolidation criteria; \n(b) the aggregated budget implementation reports which present the information contained in the budget implementation \nreports of Union institutions. ']",for each financial year which shall run from 1 january to 31
annual account union,comprise,article,the following: the consolidated financial statements which present in accordance with the accounting rules referred to in article 80 the consolidation of the financial information contained in the financial statements of union institutions of union bodies referred to in article 70 and of other bodies meeting the accounting consolidation criteria the aggregated budget implementation reports which present the information contained in the budget implementation reports of union institutions,"['follow', 'consolidated financial statement', 'accordance', 'accounting rule', 'article', 'consolidation', 'financial information', 'financial statement', 'union institution', 'union body', 'article', 'body', 'accounting consolidation criterion', 'aggregate budget implementation report', 'information', 'budget implementation report', 'union institution']",TITLE XIII ANNUAL ACCOUNTS AND OTHER FINANCIAL REPORTING,Article 241  Structure of the accounts ,"['\nThe annual accounts of the Union shall be prepared for each financial year which shall run from 1 January to 31 \nDecember. Those accounts shall comprise the following: \n(a) the consolidated financial statements, which present, in accordance with the accounting rules referred to in Article 80, \nthe consolidation of the financial information contained in the financial statements of Union institutions, of Union \nbodies referred to in Article 70 and of other bodies meeting the accounting consolidation criteria; \n(b) the aggregated budget implementation reports which present the information contained in the budget implementation \nreports of Union institutions. ']",the following : the consolidated financial statements which present in accordance with the accounting rules referred to in article 80 the consolidation of the financial information contained in the financial statements of union institutions of union bodies referred to in article 70 and of other bodies meeting the accounting consolidation criteria the aggregated budget implementation reports which present the information contained in the budget implementation reports of union institutions
financial statement,present,article,in millions of euro and in accordance with the accounting rules referred to in article 80,"['million', 'euro', 'accordance', 'accounting rule', 'article']",TITLE XIII ANNUAL ACCOUNTS AND OTHER FINANCIAL REPORTING,Article 243  Financial statements ,"[' \nThe financial statements shall be presented in millions of euro and in accordance with the accounting rules referred \nto in Article 80 and shall be comprised of: \n(a) the balance sheet which presents all assets and liabilities and the financial situation prevailing on 31 December of the \npreceding financial year; \n(b) the statement of financial performance, which presents the economic result for the preceding financial year; \n(c) the cash-flow statement showing amounts collected and disbursed during the financial year and the final treasury \nposition; \n(d) the statement of changes in net assets presenting an overview of the movements during the financial year in reserves \nand accumulated results. \nL 193/146  \n\x0c ', ' \nThe notes to the financial statements shall supplement and comment on the information presented in the \nstatements referred to in paragraph 1 and shall supply all the additional information prescribed by the accounting \nrules referred to in Article 80 and the internationally accepted accounting practice where such information is relevant \nto the activities of the Union. The notes shall contain at least the following information: \n(a) accounting principles, rules and methods; \n(b) explanatory notes supplying additional information not contained in the body of the financial statements, which is \nnecessary for a fair presentation of the accounts. ', ' \nThe accounting officer shall, after the close of the financial year and up to the date of transmission of the general \naccounts, make any adjustments which, without involving disbursement or collection in respect of that year, are necessary \nfor a true and fair view of those accounts. \nS e c t i o n 2 \nB u d g e t i m p l e m e n t a t i o n r e p o r t s ']",in millions of euro and in accordance with the accounting rules referred to in article 80
financial statement,comprise,precede financial year,of: the balance sheet which presents all assets and liabilities and the financial situation prevailing on 31 december of the preceding financial year the statement of financial performance which presents the economic result for the preceding financial year the cashflow statement showing amounts collected and disbursed during the preceding financial year and the final treasury position the statement of changes in net assets presenting an overview of the movements during the financial year in reserves and accumulated results,"['balance sheet', 'asset', 'liability', 'financial situation', '31 december', 'precede financial year', 'statement', 'financial performance', 'economic result', 'precede financial year', 'cashflow statement', 'amount', 'precede financial year', 'final treasury position', 'statement', 'change', 'net asset', 'overview', 'movement', 'financial year', 'reserve', 'accumulate result']",TITLE XIII ANNUAL ACCOUNTS AND OTHER FINANCIAL REPORTING,Article 243  Financial statements ,"[' \nThe financial statements shall be presented in millions of euro and in accordance with the accounting rules referred \nto in Article 80 and shall be comprised of: \n(a) the balance sheet which presents all assets and liabilities and the financial situation prevailing on 31 December of the \npreceding financial year; \n(b) the statement of financial performance, which presents the economic result for the preceding financial year; \n(c) the cash-flow statement showing amounts collected and disbursed during the financial year and the final treasury \nposition; \n(d) the statement of changes in net assets presenting an overview of the movements during the financial year in reserves \nand accumulated results. \nL 193/146  \n\x0c ', ' \nThe notes to the financial statements shall supplement and comment on the information presented in the \nstatements referred to in paragraph 1 and shall supply all the additional information prescribed by the accounting \nrules referred to in Article 80 and the internationally accepted accounting practice where such information is relevant \nto the activities of the Union. The notes shall contain at least the following information: \n(a) accounting principles, rules and methods; \n(b) explanatory notes supplying additional information not contained in the body of the financial statements, which is \nnecessary for a fair presentation of the accounts. ', ' \nThe accounting officer shall, after the close of the financial year and up to the date of transmission of the general \naccounts, make any adjustments which, without involving disbursement or collection in respect of that year, are necessary \nfor a true and fair view of those accounts. \nS e c t i o n 2 \nB u d g e t i m p l e m e n t a t i o n r e p o r t s ']",of : the balance sheet which presents all assets and liabilities and the financial situation prevailing on 31 december of the preceding financial year the statement of financial performance which presents the economic result for the preceding financial year the cashflow statement showing amounts collected and disbursed during the preceding financial year and the final treasury position the statement of changes in net assets presenting an overview of the movements during the financial year in reserves and accumulated results
information,be,union,relevant to the activities of the union where,"['activity', 'union']",TITLE XIII ANNUAL ACCOUNTS AND OTHER FINANCIAL REPORTING,Article 243  Financial statements ,"[' \nThe financial statements shall be presented in millions of euro and in accordance with the accounting rules referred \nto in Article 80 and shall be comprised of: \n(a) the balance sheet which presents all assets and liabilities and the financial situation prevailing on 31 December of the \npreceding financial year; \n(b) the statement of financial performance, which presents the economic result for the preceding financial year; \n(c) the cash-flow statement showing amounts collected and disbursed during the financial year and the final treasury \nposition; \n(d) the statement of changes in net assets presenting an overview of the movements during the financial year in reserves \nand accumulated results. \nL 193/146  \n\x0c ', ' \nThe notes to the financial statements shall supplement and comment on the information presented in the \nstatements referred to in paragraph 1 and shall supply all the additional information prescribed by the accounting \nrules referred to in Article 80 and the internationally accepted accounting practice where such information is relevant \nto the activities of the Union. The notes shall contain at least the following information: \n(a) accounting principles, rules and methods; \n(b) explanatory notes supplying additional information not contained in the body of the financial statements, which is \nnecessary for a fair presentation of the accounts. ', ' \nThe accounting officer shall, after the close of the financial year and up to the date of transmission of the general \naccounts, make any adjustments which, without involving disbursement or collection in respect of that year, are necessary \nfor a true and fair view of those accounts. \nS e c t i o n 2 \nB u d g e t i m p l e m e n t a t i o n r e p o r t s ']",relevant to the activities of the union where
budget implementation report,present,euro,in millions of euro,"['million', 'euro']",TITLE XIII ANNUAL ACCOUNTS AND OTHER FINANCIAL REPORTING,Article 244  Budget implementation reports ,"[' \nThe budget implementation reports shall be presented in millions of euro and shall be comparable year by year. \nThey shall consist of: \n(a) reports which aggregate all budgetary operations for the financial year in terms of revenue and expenditure; \n(b) the budget result, which is calculated on the basis of the annual budgetary balance referred to in Decision \n2014/335/EU, Euratom; \n(c) explanatory notes, which shall supplement and comment on the information given in the reports. ', ' \nThe structure of the budget implementation reports shall be the same as that of the budget itself. ', ' \nThe budget implementation reports shall contain: \n(a) information on revenue, in particular changes in the revenue estimates, the revenue outturn and entitlements \nestablished; \n(b) information showing changes in the total commitment and payment appropriations available; \n(c) information showing the use made of the total commitment and payment appropriations available; \n(d) information showing commitments outstanding, those carried over from the preceding financial year and those made \nduring the financial year. ', ' \nAs regards information on revenue, a statement shall be attached to the budget implementation report showing, for \neach Member State, the breakdown of amounts of own resources still to be recovered at the end of the financial year and \ncovered by a recovery order. \nS e c t i o n 3 \nA n n u a l a c c o u n t s t i m e t a b l e ']",in millions of euro
budget implementation report,be,comparable year,comparable year by year,"['comparable year', 'year']",TITLE XIII ANNUAL ACCOUNTS AND OTHER FINANCIAL REPORTING,Article 244  Budget implementation reports ,"[' \nThe budget implementation reports shall be presented in millions of euro and shall be comparable year by year. \nThey shall consist of: \n(a) reports which aggregate all budgetary operations for the financial year in terms of revenue and expenditure; \n(b) the budget result, which is calculated on the basis of the annual budgetary balance referred to in Decision \n2014/335/EU, Euratom; \n(c) explanatory notes, which shall supplement and comment on the information given in the reports. ', ' \nThe structure of the budget implementation reports shall be the same as that of the budget itself. ', ' \nThe budget implementation reports shall contain: \n(a) information on revenue, in particular changes in the revenue estimates, the revenue outturn and entitlements \nestablished; \n(b) information showing changes in the total commitment and payment appropriations available; \n(c) information showing the use made of the total commitment and payment appropriations available; \n(d) information showing commitments outstanding, those carried over from the preceding financial year and those made \nduring the financial year. ', ' \nAs regards information on revenue, a statement shall be attached to the budget implementation report showing, for \neach Member State, the breakdown of amounts of own resources still to be recovered at the end of the financial year and \ncovered by a recovery order. \nS e c t i o n 3 \nA n n u a l a c c o u n t s t i m e t a b l e ']",comparable year by year
structure budget implementation report,be,budget,the same as that of the budget itself,['budget'],TITLE XIII ANNUAL ACCOUNTS AND OTHER FINANCIAL REPORTING,Article 244  Budget implementation reports ,"[' \nThe budget implementation reports shall be presented in millions of euro and shall be comparable year by year. \nThey shall consist of: \n(a) reports which aggregate all budgetary operations for the financial year in terms of revenue and expenditure; \n(b) the budget result, which is calculated on the basis of the annual budgetary balance referred to in Decision \n2014/335/EU, Euratom; \n(c) explanatory notes, which shall supplement and comment on the information given in the reports. ', ' \nThe structure of the budget implementation reports shall be the same as that of the budget itself. ', ' \nThe budget implementation reports shall contain: \n(a) information on revenue, in particular changes in the revenue estimates, the revenue outturn and entitlements \nestablished; \n(b) information showing changes in the total commitment and payment appropriations available; \n(c) information showing the use made of the total commitment and payment appropriations available; \n(d) information showing commitments outstanding, those carried over from the preceding financial year and those made \nduring the financial year. ', ' \nAs regards information on revenue, a statement shall be attached to the budget implementation report showing, for \neach Member State, the breakdown of amounts of own resources still to be recovered at the end of the financial year and \ncovered by a recovery order. \nS e c t i o n 3 \nA n n u a l a c c o u n t s t i m e t a b l e ']",the same as that of the budget itself
yearthe union institution commission body,refer,article,to in article 241,['article'],TITLE XIII ANNUAL ACCOUNTS AND OTHER FINANCIAL REPORTING,Article 245  Provisional accounts ,"[' \nThe accounting officers of the Union institutions other than the Commission and the bodies referred to in \nArticle 241 shall, by 1 March of the following financial year, send their provisional accounts to the accounting officer \nof the Commission and to the Court of Auditors. ', ' \nThe accounting officers of the Union institutions other than the Commission and the bodies referred to in \nArticle 241 shall, by 1 March of the following financial year, send the required accounting information for consolidation \npurposes to the accounting officer of the Commission, in the manner and format laid down by the latter. ', ' \nThe accounting officer of the Commission shall consolidate the provisional accounts referred to in paragraph 2 with \nthe provisional accounts of the Commission and shall, by 31 March of the following financial year, send the provisional \naccounts of the Commission and the consolidated provisional accounts of the Union to the Court of Auditors by \nelectronic means.   \x0c ']",to in article 241
follow financial year,send,accounting officer,the required accounting information for consolidation purposes to the accounting officer of the commissionthe commission in the manner and format laid down by the latter,"['require accounting information', 'consolidation purpose', 'accounting officer', 'commissionthe commission', 'manner', 'format']",TITLE XIII ANNUAL ACCOUNTS AND OTHER FINANCIAL REPORTING,Article 245  Provisional accounts ,"[' \nThe accounting officers of the Union institutions other than the Commission and the bodies referred to in \nArticle 241 shall, by 1 March of the following financial year, send their provisional accounts to the accounting officer \nof the Commission and to the Court of Auditors. ', ' \nThe accounting officers of the Union institutions other than the Commission and the bodies referred to in \nArticle 241 shall, by 1 March of the following financial year, send the required accounting information for consolidation \npurposes to the accounting officer of the Commission, in the manner and format laid down by the latter. ', ' \nThe accounting officer of the Commission shall consolidate the provisional accounts referred to in paragraph 2 with \nthe provisional accounts of the Commission and shall, by 31 March of the following financial year, send the provisional \naccounts of the Commission and the consolidated provisional accounts of the Union to the Court of Auditors by \nelectronic means.   \x0c ']",the required accounting information for consolidation purposes to the accounting officer of the commissionthe commission in the manner and format laid down by the latter
accounting officer commission,send,union,the provisional accounts of the commission and the consolidated provisional accounts of the union to the court of auditors by electronic means,"['provisional account', 'commission', 'consolidated provisional account', 'union', 'court', 'auditor', 'electronic mean']",TITLE XIII ANNUAL ACCOUNTS AND OTHER FINANCIAL REPORTING,Article 245  Provisional accounts ,"[' \nThe accounting officers of the Union institutions other than the Commission and the bodies referred to in \nArticle 241 shall, by 1 March of the following financial year, send their provisional accounts to the accounting officer \nof the Commission and to the Court of Auditors. ', ' \nThe accounting officers of the Union institutions other than the Commission and the bodies referred to in \nArticle 241 shall, by 1 March of the following financial year, send the required accounting information for consolidation \npurposes to the accounting officer of the Commission, in the manner and format laid down by the latter. ', ' \nThe accounting officer of the Commission shall consolidate the provisional accounts referred to in paragraph 2 with \nthe provisional accounts of the Commission and shall, by 31 March of the following financial year, send the provisional \naccounts of the Commission and the consolidated provisional accounts of the Union to the Court of Auditors by \nelectronic means.   \x0c ']",the provisional accounts of the commission and the consolidated provisional accounts of the union to the court of auditors by electronic means
court auditor,make,article,the court of auditors observations referred to in article 241 and by 15 june make the court of auditors observations on the provisional accounts of the commission and the consolidated provisional accounts of the union on the provisional accounts of the union institutions other than the commission and of each of the bodies,"['court', 'auditor observation', 'article', '15 june', 'court', 'auditor observation', 'provisional account', 'commission', 'consolidated provisional account', 'union', 'provisional account', 'union institution', 'commission', 'body']",TITLE XIII ANNUAL ACCOUNTS AND OTHER FINANCIAL REPORTING,Article 246  Approval of the final consolidated accounts ,"[' \nThe Court of Auditors shall, by 1 June, make its observations on the provisional accounts of the Union institutions \nother than the Commission, and of each of the bodies referred to in Article 241, and, by 15 June, make its observations \non the provisional accounts of the Commission and the consolidated provisional accounts of the Union. ', ' \nThe accounting officers of the Union institutions other than the Commission and of the bodies referred to in \nArticle 241 shall, by 15 June, send the required accounting information to the accounting officer of the Commission, in \nthe manner and format laid down by the latter, with a view to drawing up the final consolidated accounts. \nThe Union institutions other than the Commission, and each of the bodies referred to in Article 241, shall, by 1 July, \nsend their final accounts to the European Parliament, to the Council, to the Court of Auditors and to the accounting \nofficer of the Commission. ', ' \nThe accounting officer of each Union institution and of each body referred to in Article 241 shall send to the Court \nof Auditors, with a copy to the accounting officer of the Commission, at the same date as the transmission of his or her \nfinal accounts, a representation letter covering those final accounts. \nThe final accounts shall be accompanied by a note drawn up by the accounting officer, in which the latter declares that \nthe final accounts were prepared in accordance with this Title and with the applicable accounting principles, rules and \nmethods set out in the notes to the financial statements. ', ' \nThe accounting officer of the Commission shall draw up the final consolidated accounts on the basis of the \ninformation presented pursuant to paragraph 2 of this Article by the Union institutions other than the Commission, \nand by the bodies referred to in Article 241. \nThe final consolidated accounts shall be accompanied by a note drawn up by the accounting officer of the Commission, \nin which the latter declares that the final consolidated accounts were prepared in accordance with this Title and with the \napplicable accounting principles, rules and methods set out in the notes to the financial statements. ', ' \nAfter approving the final consolidated accounts and its own final accounts, the Commission shall, by 31 July, send \nthem by electronic means to the European Parliament, to the Council and to the Court of Auditors. \nBy the same date, the accounting officer of the Commission shall transmit a representation letter covering the final \nconsolidated accounts to the Court of Auditors. ', ' \nThe final consolidated accounts shall be published by 15 November in the Official Journal of the European Union \ntogether with the statement of assurance given by the Court of Auditors in accordance with Article 287 TFEU and \nArticle 106a of the Euratom Treaty. \nCHAPTER 2 \nIntegrated financial and accountability reporting ']",the court of auditors observations referred to in article 241 and by 15 june make the court of auditors observations on the provisional accounts of the commission and the consolidated provisional accounts of the union on the provisional accounts of the union institutions other than the commission and of each of the bodies
court auditor,refer,article,to in article 241,['article'],TITLE XIII ANNUAL ACCOUNTS AND OTHER FINANCIAL REPORTING,Article 246  Approval of the final consolidated accounts ,"[' \nThe Court of Auditors shall, by 1 June, make its observations on the provisional accounts of the Union institutions \nother than the Commission, and of each of the bodies referred to in Article 241, and, by 15 June, make its observations \non the provisional accounts of the Commission and the consolidated provisional accounts of the Union. ', ' \nThe accounting officers of the Union institutions other than the Commission and of the bodies referred to in \nArticle 241 shall, by 15 June, send the required accounting information to the accounting officer of the Commission, in \nthe manner and format laid down by the latter, with a view to drawing up the final consolidated accounts. \nThe Union institutions other than the Commission, and each of the bodies referred to in Article 241, shall, by 1 July, \nsend their final accounts to the European Parliament, to the Council, to the Court of Auditors and to the accounting \nofficer of the Commission. ', ' \nThe accounting officer of each Union institution and of each body referred to in Article 241 shall send to the Court \nof Auditors, with a copy to the accounting officer of the Commission, at the same date as the transmission of his or her \nfinal accounts, a representation letter covering those final accounts. \nThe final accounts shall be accompanied by a note drawn up by the accounting officer, in which the latter declares that \nthe final accounts were prepared in accordance with this Title and with the applicable accounting principles, rules and \nmethods set out in the notes to the financial statements. ', ' \nThe accounting officer of the Commission shall draw up the final consolidated accounts on the basis of the \ninformation presented pursuant to paragraph 2 of this Article by the Union institutions other than the Commission, \nand by the bodies referred to in Article 241. \nThe final consolidated accounts shall be accompanied by a note drawn up by the accounting officer of the Commission, \nin which the latter declares that the final consolidated accounts were prepared in accordance with this Title and with the \napplicable accounting principles, rules and methods set out in the notes to the financial statements. ', ' \nAfter approving the final consolidated accounts and its own final accounts, the Commission shall, by 31 July, send \nthem by electronic means to the European Parliament, to the Council and to the Court of Auditors. \nBy the same date, the accounting officer of the Commission shall transmit a representation letter covering the final \nconsolidated accounts to the Court of Auditors. ', ' \nThe final consolidated accounts shall be published by 15 November in the Official Journal of the European Union \ntogether with the statement of assurance given by the Court of Auditors in accordance with Article 287 TFEU and \nArticle 106a of the Euratom Treaty. \nCHAPTER 2 \nIntegrated financial and accountability reporting ']",to in article 241
court auditor,make,union,the court of auditors observations by 15 june on the provisional accounts of the commission and the consolidated provisional accounts of the union,"['court', 'auditor observation', '15 june', 'provisional account', 'commission', 'consolidated provisional account', 'union']",TITLE XIII ANNUAL ACCOUNTS AND OTHER FINANCIAL REPORTING,Article 246  Approval of the final consolidated accounts ,"[' \nThe Court of Auditors shall, by 1 June, make its observations on the provisional accounts of the Union institutions \nother than the Commission, and of each of the bodies referred to in Article 241, and, by 15 June, make its observations \non the provisional accounts of the Commission and the consolidated provisional accounts of the Union. ', ' \nThe accounting officers of the Union institutions other than the Commission and of the bodies referred to in \nArticle 241 shall, by 15 June, send the required accounting information to the accounting officer of the Commission, in \nthe manner and format laid down by the latter, with a view to drawing up the final consolidated accounts. \nThe Union institutions other than the Commission, and each of the bodies referred to in Article 241, shall, by 1 July, \nsend their final accounts to the European Parliament, to the Council, to the Court of Auditors and to the accounting \nofficer of the Commission. ', ' \nThe accounting officer of each Union institution and of each body referred to in Article 241 shall send to the Court \nof Auditors, with a copy to the accounting officer of the Commission, at the same date as the transmission of his or her \nfinal accounts, a representation letter covering those final accounts. \nThe final accounts shall be accompanied by a note drawn up by the accounting officer, in which the latter declares that \nthe final accounts were prepared in accordance with this Title and with the applicable accounting principles, rules and \nmethods set out in the notes to the financial statements. ', ' \nThe accounting officer of the Commission shall draw up the final consolidated accounts on the basis of the \ninformation presented pursuant to paragraph 2 of this Article by the Union institutions other than the Commission, \nand by the bodies referred to in Article 241. \nThe final consolidated accounts shall be accompanied by a note drawn up by the accounting officer of the Commission, \nin which the latter declares that the final consolidated accounts were prepared in accordance with this Title and with the \napplicable accounting principles, rules and methods set out in the notes to the financial statements. ', ' \nAfter approving the final consolidated accounts and its own final accounts, the Commission shall, by 31 July, send \nthem by electronic means to the European Parliament, to the Council and to the Court of Auditors. \nBy the same date, the accounting officer of the Commission shall transmit a representation letter covering the final \nconsolidated accounts to the Court of Auditors. ', ' \nThe final consolidated accounts shall be published by 15 November in the Official Journal of the European Union \ntogether with the statement of assurance given by the Court of Auditors in accordance with Article 287 TFEU and \nArticle 106a of the Euratom Treaty. \nCHAPTER 2 \nIntegrated financial and accountability reporting ']",the court of auditors observations by 15 june on the provisional accounts of the commission and the consolidated provisional accounts of the union
union institution commission body,refer,article,to in article 241,['article'],TITLE XIII ANNUAL ACCOUNTS AND OTHER FINANCIAL REPORTING,Article 246  Approval of the final consolidated accounts ,"[' \nThe Court of Auditors shall, by 1 June, make its observations on the provisional accounts of the Union institutions \nother than the Commission, and of each of the bodies referred to in Article 241, and, by 15 June, make its observations \non the provisional accounts of the Commission and the consolidated provisional accounts of the Union. ', ' \nThe accounting officers of the Union institutions other than the Commission and of the bodies referred to in \nArticle 241 shall, by 15 June, send the required accounting information to the accounting officer of the Commission, in \nthe manner and format laid down by the latter, with a view to drawing up the final consolidated accounts. \nThe Union institutions other than the Commission, and each of the bodies referred to in Article 241, shall, by 1 July, \nsend their final accounts to the European Parliament, to the Council, to the Court of Auditors and to the accounting \nofficer of the Commission. ', ' \nThe accounting officer of each Union institution and of each body referred to in Article 241 shall send to the Court \nof Auditors, with a copy to the accounting officer of the Commission, at the same date as the transmission of his or her \nfinal accounts, a representation letter covering those final accounts. \nThe final accounts shall be accompanied by a note drawn up by the accounting officer, in which the latter declares that \nthe final accounts were prepared in accordance with this Title and with the applicable accounting principles, rules and \nmethods set out in the notes to the financial statements. ', ' \nThe accounting officer of the Commission shall draw up the final consolidated accounts on the basis of the \ninformation presented pursuant to paragraph 2 of this Article by the Union institutions other than the Commission, \nand by the bodies referred to in Article 241. \nThe final consolidated accounts shall be accompanied by a note drawn up by the accounting officer of the Commission, \nin which the latter declares that the final consolidated accounts were prepared in accordance with this Title and with the \napplicable accounting principles, rules and methods set out in the notes to the financial statements. ', ' \nAfter approving the final consolidated accounts and its own final accounts, the Commission shall, by 31 July, send \nthem by electronic means to the European Parliament, to the Council and to the Court of Auditors. \nBy the same date, the accounting officer of the Commission shall transmit a representation letter covering the final \nconsolidated accounts to the Court of Auditors. ', ' \nThe final consolidated accounts shall be published by 15 November in the Official Journal of the European Union \ntogether with the statement of assurance given by the Court of Auditors in accordance with Article 287 TFEU and \nArticle 106a of the Euratom Treaty. \nCHAPTER 2 \nIntegrated financial and accountability reporting ']",to in article 241
union institution commission body,send,union institution,the union institutions other than the commission and each of the bodies,"['union institution', 'commission', 'body']",TITLE XIII ANNUAL ACCOUNTS AND OTHER FINANCIAL REPORTING,Article 246  Approval of the final consolidated accounts ,"[' \nThe Court of Auditors shall, by 1 June, make its observations on the provisional accounts of the Union institutions \nother than the Commission, and of each of the bodies referred to in Article 241, and, by 15 June, make its observations \non the provisional accounts of the Commission and the consolidated provisional accounts of the Union. ', ' \nThe accounting officers of the Union institutions other than the Commission and of the bodies referred to in \nArticle 241 shall, by 15 June, send the required accounting information to the accounting officer of the Commission, in \nthe manner and format laid down by the latter, with a view to drawing up the final consolidated accounts. \nThe Union institutions other than the Commission, and each of the bodies referred to in Article 241, shall, by 1 July, \nsend their final accounts to the European Parliament, to the Council, to the Court of Auditors and to the accounting \nofficer of the Commission. ', ' \nThe accounting officer of each Union institution and of each body referred to in Article 241 shall send to the Court \nof Auditors, with a copy to the accounting officer of the Commission, at the same date as the transmission of his or her \nfinal accounts, a representation letter covering those final accounts. \nThe final accounts shall be accompanied by a note drawn up by the accounting officer, in which the latter declares that \nthe final accounts were prepared in accordance with this Title and with the applicable accounting principles, rules and \nmethods set out in the notes to the financial statements. ', ' \nThe accounting officer of the Commission shall draw up the final consolidated accounts on the basis of the \ninformation presented pursuant to paragraph 2 of this Article by the Union institutions other than the Commission, \nand by the bodies referred to in Article 241. \nThe final consolidated accounts shall be accompanied by a note drawn up by the accounting officer of the Commission, \nin which the latter declares that the final consolidated accounts were prepared in accordance with this Title and with the \napplicable accounting principles, rules and methods set out in the notes to the financial statements. ', ' \nAfter approving the final consolidated accounts and its own final accounts, the Commission shall, by 31 July, send \nthem by electronic means to the European Parliament, to the Council and to the Court of Auditors. \nBy the same date, the accounting officer of the Commission shall transmit a representation letter covering the final \nconsolidated accounts to the Court of Auditors. ', ' \nThe final consolidated accounts shall be published by 15 November in the Official Journal of the European Union \ntogether with the statement of assurance given by the Court of Auditors in accordance with Article 287 TFEU and \nArticle 106a of the Euratom Treaty. \nCHAPTER 2 \nIntegrated financial and accountability reporting ']",the union institutions other than the commission and each of the bodies
union institution commission body,refer,article 241 final account,to in article 241 final accounts to the european parliament to the council to the court of auditors and to the accounting officer of the commission,"['article 241 final account', 'european parliament', 'council', 'court', 'auditor', 'accounting officer', 'commission']",TITLE XIII ANNUAL ACCOUNTS AND OTHER FINANCIAL REPORTING,Article 246  Approval of the final consolidated accounts ,"[' \nThe Court of Auditors shall, by 1 June, make its observations on the provisional accounts of the Union institutions \nother than the Commission, and of each of the bodies referred to in Article 241, and, by 15 June, make its observations \non the provisional accounts of the Commission and the consolidated provisional accounts of the Union. ', ' \nThe accounting officers of the Union institutions other than the Commission and of the bodies referred to in \nArticle 241 shall, by 15 June, send the required accounting information to the accounting officer of the Commission, in \nthe manner and format laid down by the latter, with a view to drawing up the final consolidated accounts. \nThe Union institutions other than the Commission, and each of the bodies referred to in Article 241, shall, by 1 July, \nsend their final accounts to the European Parliament, to the Council, to the Court of Auditors and to the accounting \nofficer of the Commission. ', ' \nThe accounting officer of each Union institution and of each body referred to in Article 241 shall send to the Court \nof Auditors, with a copy to the accounting officer of the Commission, at the same date as the transmission of his or her \nfinal accounts, a representation letter covering those final accounts. \nThe final accounts shall be accompanied by a note drawn up by the accounting officer, in which the latter declares that \nthe final accounts were prepared in accordance with this Title and with the applicable accounting principles, rules and \nmethods set out in the notes to the financial statements. ', ' \nThe accounting officer of the Commission shall draw up the final consolidated accounts on the basis of the \ninformation presented pursuant to paragraph 2 of this Article by the Union institutions other than the Commission, \nand by the bodies referred to in Article 241. \nThe final consolidated accounts shall be accompanied by a note drawn up by the accounting officer of the Commission, \nin which the latter declares that the final consolidated accounts were prepared in accordance with this Title and with the \napplicable accounting principles, rules and methods set out in the notes to the financial statements. ', ' \nAfter approving the final consolidated accounts and its own final accounts, the Commission shall, by 31 July, send \nthem by electronic means to the European Parliament, to the Council and to the Court of Auditors. \nBy the same date, the accounting officer of the Commission shall transmit a representation letter covering the final \nconsolidated accounts to the Court of Auditors. ', ' \nThe final consolidated accounts shall be published by 15 November in the Official Journal of the European Union \ntogether with the statement of assurance given by the Court of Auditors in accordance with Article 287 TFEU and \nArticle 106a of the Euratom Treaty. \nCHAPTER 2 \nIntegrated financial and accountability reporting ']",to in article 241 final accounts to the european parliament to the council to the court of auditors and to the accounting officer of the commission
accounting officer union institution body,refer,article,to in article 241,['article'],TITLE XIII ANNUAL ACCOUNTS AND OTHER FINANCIAL REPORTING,Article 246  Approval of the final consolidated accounts ,"[' \nThe Court of Auditors shall, by 1 June, make its observations on the provisional accounts of the Union institutions \nother than the Commission, and of each of the bodies referred to in Article 241, and, by 15 June, make its observations \non the provisional accounts of the Commission and the consolidated provisional accounts of the Union. ', ' \nThe accounting officers of the Union institutions other than the Commission and of the bodies referred to in \nArticle 241 shall, by 15 June, send the required accounting information to the accounting officer of the Commission, in \nthe manner and format laid down by the latter, with a view to drawing up the final consolidated accounts. \nThe Union institutions other than the Commission, and each of the bodies referred to in Article 241, shall, by 1 July, \nsend their final accounts to the European Parliament, to the Council, to the Court of Auditors and to the accounting \nofficer of the Commission. ', ' \nThe accounting officer of each Union institution and of each body referred to in Article 241 shall send to the Court \nof Auditors, with a copy to the accounting officer of the Commission, at the same date as the transmission of his or her \nfinal accounts, a representation letter covering those final accounts. \nThe final accounts shall be accompanied by a note drawn up by the accounting officer, in which the latter declares that \nthe final accounts were prepared in accordance with this Title and with the applicable accounting principles, rules and \nmethods set out in the notes to the financial statements. ', ' \nThe accounting officer of the Commission shall draw up the final consolidated accounts on the basis of the \ninformation presented pursuant to paragraph 2 of this Article by the Union institutions other than the Commission, \nand by the bodies referred to in Article 241. \nThe final consolidated accounts shall be accompanied by a note drawn up by the accounting officer of the Commission, \nin which the latter declares that the final consolidated accounts were prepared in accordance with this Title and with the \napplicable accounting principles, rules and methods set out in the notes to the financial statements. ', ' \nAfter approving the final consolidated accounts and its own final accounts, the Commission shall, by 31 July, send \nthem by electronic means to the European Parliament, to the Council and to the Court of Auditors. \nBy the same date, the accounting officer of the Commission shall transmit a representation letter covering the final \nconsolidated accounts to the Court of Auditors. ', ' \nThe final consolidated accounts shall be published by 15 November in the Official Journal of the European Union \ntogether with the statement of assurance given by the Court of Auditors in accordance with Article 287 TFEU and \nArticle 106a of the Euratom Treaty. \nCHAPTER 2 \nIntegrated financial and accountability reporting ']",to in article 241
accounting officer union institution body,send,accounting officer,to the court of auditors with a copy to the accounting officer of the commission at the same date as the transmission of the accounting officer of the commission or,"['court', 'auditor', 'copy', 'accounting officer', 'commission', 'date', 'transmission', 'accounting officer', 'commission']",TITLE XIII ANNUAL ACCOUNTS AND OTHER FINANCIAL REPORTING,Article 246  Approval of the final consolidated accounts ,"[' \nThe Court of Auditors shall, by 1 June, make its observations on the provisional accounts of the Union institutions \nother than the Commission, and of each of the bodies referred to in Article 241, and, by 15 June, make its observations \non the provisional accounts of the Commission and the consolidated provisional accounts of the Union. ', ' \nThe accounting officers of the Union institutions other than the Commission and of the bodies referred to in \nArticle 241 shall, by 15 June, send the required accounting information to the accounting officer of the Commission, in \nthe manner and format laid down by the latter, with a view to drawing up the final consolidated accounts. \nThe Union institutions other than the Commission, and each of the bodies referred to in Article 241, shall, by 1 July, \nsend their final accounts to the European Parliament, to the Council, to the Court of Auditors and to the accounting \nofficer of the Commission. ', ' \nThe accounting officer of each Union institution and of each body referred to in Article 241 shall send to the Court \nof Auditors, with a copy to the accounting officer of the Commission, at the same date as the transmission of his or her \nfinal accounts, a representation letter covering those final accounts. \nThe final accounts shall be accompanied by a note drawn up by the accounting officer, in which the latter declares that \nthe final accounts were prepared in accordance with this Title and with the applicable accounting principles, rules and \nmethods set out in the notes to the financial statements. ', ' \nThe accounting officer of the Commission shall draw up the final consolidated accounts on the basis of the \ninformation presented pursuant to paragraph 2 of this Article by the Union institutions other than the Commission, \nand by the bodies referred to in Article 241. \nThe final consolidated accounts shall be accompanied by a note drawn up by the accounting officer of the Commission, \nin which the latter declares that the final consolidated accounts were prepared in accordance with this Title and with the \napplicable accounting principles, rules and methods set out in the notes to the financial statements. ', ' \nAfter approving the final consolidated accounts and its own final accounts, the Commission shall, by 31 July, send \nthem by electronic means to the European Parliament, to the Council and to the Court of Auditors. \nBy the same date, the accounting officer of the Commission shall transmit a representation letter covering the final \nconsolidated accounts to the Court of Auditors. ', ' \nThe final consolidated accounts shall be published by 15 November in the Official Journal of the European Union \ntogether with the statement of assurance given by the Court of Auditors in accordance with Article 287 TFEU and \nArticle 106a of the Euratom Treaty. \nCHAPTER 2 \nIntegrated financial and accountability reporting ']",to the court of auditors with a copy to the accounting officer of the commission at the same date as the transmission of the accounting officer of the commission or
final account,accompany,financial statement,by a note drawn up by the accounting officer of the commission in which the latter declares that their final accounts were prepared in accordance with this title and with the applicable accounting principles rules and methods set out in the notes to the financial statements,"['note', 'accounting officer', 'commission', 'final account', 'accordance', 'title', 'applicable accounting principle rule', 'method', 'note', 'financial statement']",TITLE XIII ANNUAL ACCOUNTS AND OTHER FINANCIAL REPORTING,Article 246  Approval of the final consolidated accounts ,"[' \nThe Court of Auditors shall, by 1 June, make its observations on the provisional accounts of the Union institutions \nother than the Commission, and of each of the bodies referred to in Article 241, and, by 15 June, make its observations \non the provisional accounts of the Commission and the consolidated provisional accounts of the Union. ', ' \nThe accounting officers of the Union institutions other than the Commission and of the bodies referred to in \nArticle 241 shall, by 15 June, send the required accounting information to the accounting officer of the Commission, in \nthe manner and format laid down by the latter, with a view to drawing up the final consolidated accounts. \nThe Union institutions other than the Commission, and each of the bodies referred to in Article 241, shall, by 1 July, \nsend their final accounts to the European Parliament, to the Council, to the Court of Auditors and to the accounting \nofficer of the Commission. ', ' \nThe accounting officer of each Union institution and of each body referred to in Article 241 shall send to the Court \nof Auditors, with a copy to the accounting officer of the Commission, at the same date as the transmission of his or her \nfinal accounts, a representation letter covering those final accounts. \nThe final accounts shall be accompanied by a note drawn up by the accounting officer, in which the latter declares that \nthe final accounts were prepared in accordance with this Title and with the applicable accounting principles, rules and \nmethods set out in the notes to the financial statements. ', ' \nThe accounting officer of the Commission shall draw up the final consolidated accounts on the basis of the \ninformation presented pursuant to paragraph 2 of this Article by the Union institutions other than the Commission, \nand by the bodies referred to in Article 241. \nThe final consolidated accounts shall be accompanied by a note drawn up by the accounting officer of the Commission, \nin which the latter declares that the final consolidated accounts were prepared in accordance with this Title and with the \napplicable accounting principles, rules and methods set out in the notes to the financial statements. ', ' \nAfter approving the final consolidated accounts and its own final accounts, the Commission shall, by 31 July, send \nthem by electronic means to the European Parliament, to the Council and to the Court of Auditors. \nBy the same date, the accounting officer of the Commission shall transmit a representation letter covering the final \nconsolidated accounts to the Court of Auditors. ', ' \nThe final consolidated accounts shall be published by 15 November in the Official Journal of the European Union \ntogether with the statement of assurance given by the Court of Auditors in accordance with Article 287 TFEU and \nArticle 106a of the Euratom Treaty. \nCHAPTER 2 \nIntegrated financial and accountability reporting ']",by a note drawn up by the accounting officer of the commission in which the latter declares that their final accounts were prepared in accordance with this title and with the applicable accounting principles rules and methods set out in the notes to the financial statements
final account,prepare,financial statement,in accordance with this title and with the applicable accounting principles rules and methods set out in the notes to the financial statements,"['accordance', 'title', 'applicable accounting principle rule', 'method', 'note', 'financial statement']",TITLE XIII ANNUAL ACCOUNTS AND OTHER FINANCIAL REPORTING,Article 246  Approval of the final consolidated accounts ,"[' \nThe Court of Auditors shall, by 1 June, make its observations on the provisional accounts of the Union institutions \nother than the Commission, and of each of the bodies referred to in Article 241, and, by 15 June, make its observations \non the provisional accounts of the Commission and the consolidated provisional accounts of the Union. ', ' \nThe accounting officers of the Union institutions other than the Commission and of the bodies referred to in \nArticle 241 shall, by 15 June, send the required accounting information to the accounting officer of the Commission, in \nthe manner and format laid down by the latter, with a view to drawing up the final consolidated accounts. \nThe Union institutions other than the Commission, and each of the bodies referred to in Article 241, shall, by 1 July, \nsend their final accounts to the European Parliament, to the Council, to the Court of Auditors and to the accounting \nofficer of the Commission. ', ' \nThe accounting officer of each Union institution and of each body referred to in Article 241 shall send to the Court \nof Auditors, with a copy to the accounting officer of the Commission, at the same date as the transmission of his or her \nfinal accounts, a representation letter covering those final accounts. \nThe final accounts shall be accompanied by a note drawn up by the accounting officer, in which the latter declares that \nthe final accounts were prepared in accordance with this Title and with the applicable accounting principles, rules and \nmethods set out in the notes to the financial statements. ', ' \nThe accounting officer of the Commission shall draw up the final consolidated accounts on the basis of the \ninformation presented pursuant to paragraph 2 of this Article by the Union institutions other than the Commission, \nand by the bodies referred to in Article 241. \nThe final consolidated accounts shall be accompanied by a note drawn up by the accounting officer of the Commission, \nin which the latter declares that the final consolidated accounts were prepared in accordance with this Title and with the \napplicable accounting principles, rules and methods set out in the notes to the financial statements. ', ' \nAfter approving the final consolidated accounts and its own final accounts, the Commission shall, by 31 July, send \nthem by electronic means to the European Parliament, to the Council and to the Court of Auditors. \nBy the same date, the accounting officer of the Commission shall transmit a representation letter covering the final \nconsolidated accounts to the Court of Auditors. ', ' \nThe final consolidated accounts shall be published by 15 November in the Official Journal of the European Union \ntogether with the statement of assurance given by the Court of Auditors in accordance with Article 287 TFEU and \nArticle 106a of the Euratom Treaty. \nCHAPTER 2 \nIntegrated financial and accountability reporting ']",in accordance with this title and with the applicable accounting principles rules and methods set out in the notes to the financial statements
final consolidated account,accompany,financial statement,by a note drawn up by the accounting officer of the commission in which the latter declares that the final consolidated accounts were prepared in accordance with this title and with the applicable accounting principles rules and methods set out in the notes to the financial statements,"['note', 'accounting officer', 'commission', 'final consolidated account', 'accordance', 'title', 'applicable accounting principle rule', 'method', 'note', 'financial statement']",TITLE XIII ANNUAL ACCOUNTS AND OTHER FINANCIAL REPORTING,Article 246  Approval of the final consolidated accounts ,"[' \nThe Court of Auditors shall, by 1 June, make its observations on the provisional accounts of the Union institutions \nother than the Commission, and of each of the bodies referred to in Article 241, and, by 15 June, make its observations \non the provisional accounts of the Commission and the consolidated provisional accounts of the Union. ', ' \nThe accounting officers of the Union institutions other than the Commission and of the bodies referred to in \nArticle 241 shall, by 15 June, send the required accounting information to the accounting officer of the Commission, in \nthe manner and format laid down by the latter, with a view to drawing up the final consolidated accounts. \nThe Union institutions other than the Commission, and each of the bodies referred to in Article 241, shall, by 1 July, \nsend their final accounts to the European Parliament, to the Council, to the Court of Auditors and to the accounting \nofficer of the Commission. ', ' \nThe accounting officer of each Union institution and of each body referred to in Article 241 shall send to the Court \nof Auditors, with a copy to the accounting officer of the Commission, at the same date as the transmission of his or her \nfinal accounts, a representation letter covering those final accounts. \nThe final accounts shall be accompanied by a note drawn up by the accounting officer, in which the latter declares that \nthe final accounts were prepared in accordance with this Title and with the applicable accounting principles, rules and \nmethods set out in the notes to the financial statements. ', ' \nThe accounting officer of the Commission shall draw up the final consolidated accounts on the basis of the \ninformation presented pursuant to paragraph 2 of this Article by the Union institutions other than the Commission, \nand by the bodies referred to in Article 241. \nThe final consolidated accounts shall be accompanied by a note drawn up by the accounting officer of the Commission, \nin which the latter declares that the final consolidated accounts were prepared in accordance with this Title and with the \napplicable accounting principles, rules and methods set out in the notes to the financial statements. ', ' \nAfter approving the final consolidated accounts and its own final accounts, the Commission shall, by 31 July, send \nthem by electronic means to the European Parliament, to the Council and to the Court of Auditors. \nBy the same date, the accounting officer of the Commission shall transmit a representation letter covering the final \nconsolidated accounts to the Court of Auditors. ', ' \nThe final consolidated accounts shall be published by 15 November in the Official Journal of the European Union \ntogether with the statement of assurance given by the Court of Auditors in accordance with Article 287 TFEU and \nArticle 106a of the Euratom Treaty. \nCHAPTER 2 \nIntegrated financial and accountability reporting ']",by a note drawn up by the accounting officer of the commission in which the latter declares that the final consolidated accounts were prepared in accordance with this title and with the applicable accounting principles rules and methods set out in the notes to the financial statements
final consolidated account,prepare,financial statement,in accordance with this title and with the applicable accounting principles rules and methods set out in the notes to the financial statements,"['accordance', 'title', 'applicable accounting principle rule', 'method', 'note', 'financial statement']",TITLE XIII ANNUAL ACCOUNTS AND OTHER FINANCIAL REPORTING,Article 246  Approval of the final consolidated accounts ,"[' \nThe Court of Auditors shall, by 1 June, make its observations on the provisional accounts of the Union institutions \nother than the Commission, and of each of the bodies referred to in Article 241, and, by 15 June, make its observations \non the provisional accounts of the Commission and the consolidated provisional accounts of the Union. ', ' \nThe accounting officers of the Union institutions other than the Commission and of the bodies referred to in \nArticle 241 shall, by 15 June, send the required accounting information to the accounting officer of the Commission, in \nthe manner and format laid down by the latter, with a view to drawing up the final consolidated accounts. \nThe Union institutions other than the Commission, and each of the bodies referred to in Article 241, shall, by 1 July, \nsend their final accounts to the European Parliament, to the Council, to the Court of Auditors and to the accounting \nofficer of the Commission. ', ' \nThe accounting officer of each Union institution and of each body referred to in Article 241 shall send to the Court \nof Auditors, with a copy to the accounting officer of the Commission, at the same date as the transmission of his or her \nfinal accounts, a representation letter covering those final accounts. \nThe final accounts shall be accompanied by a note drawn up by the accounting officer, in which the latter declares that \nthe final accounts were prepared in accordance with this Title and with the applicable accounting principles, rules and \nmethods set out in the notes to the financial statements. ', ' \nThe accounting officer of the Commission shall draw up the final consolidated accounts on the basis of the \ninformation presented pursuant to paragraph 2 of this Article by the Union institutions other than the Commission, \nand by the bodies referred to in Article 241. \nThe final consolidated accounts shall be accompanied by a note drawn up by the accounting officer of the Commission, \nin which the latter declares that the final consolidated accounts were prepared in accordance with this Title and with the \napplicable accounting principles, rules and methods set out in the notes to the financial statements. ', ' \nAfter approving the final consolidated accounts and its own final accounts, the Commission shall, by 31 July, send \nthem by electronic means to the European Parliament, to the Council and to the Court of Auditors. \nBy the same date, the accounting officer of the Commission shall transmit a representation letter covering the final \nconsolidated accounts to the Court of Auditors. ', ' \nThe final consolidated accounts shall be published by 15 November in the Official Journal of the European Union \ntogether with the statement of assurance given by the Court of Auditors in accordance with Article 287 TFEU and \nArticle 106a of the Euratom Treaty. \nCHAPTER 2 \nIntegrated financial and accountability reporting ']",in accordance with this title and with the applicable accounting principles rules and methods set out in the notes to the financial statements
final consolidated account,refer,follow financial year,the annual management and performance report providing for a clear and concise summary of the internal control and financial management achievements referred to in the annual activity reports of each authorising officer by delegation and including information on key governance arrangements in the commission by 31 july of the following financial year the commission shall communicate to the european parliament and to the council an integrated set of financial and accountability reports which includes to in article 246,"['annual management performance report', 'clear concise summary', 'internal control financial management achievement', 'annual activity report', 'authorise officer', 'delegation', 'information', 'key governance arrangement', 'commission', '31 july', 'follow financial year', 'commission', 'european parliament', 'council', 'integrate set', 'financial accountability report', 'article']",TITLE XIII ANNUAL ACCOUNTS AND OTHER FINANCIAL REPORTING,Article 247  Integrated financial and accountability reporting ,"[' \nBy 31 July of the following financial year the Commission shall communicate to the European Parliament and to \nthe Council an integrated set of financial and accountability reports which includes: \n(a) the final consolidated accounts as referred to in Article 246; \n(b) the annual management and performance report providing for a clear and concise summary of the internal control \nand financial management achievements referred to in the annual activity reports of each authorising officer by \ndelegation and including information on key governance arrangements in the Commission as well as: \n(i) an estimation of the level of error in Union expenditure based on a consistent methodology and an estimate of \nfuture corrections; \n(ii) information on the preventive and corrective actions covering the budget, which shall present the financial \nimpact of the actions taken to protect the budget from expenditure in breach of law; \n(iii) information on the implementation of the Commissions anti-fraud strategy; \n(c) a long-term forecast of future inflows and outflows covering the next five years, based on the applicable multiannual \nfinancial frameworks and Decision 2014/335/EU, Euratom; \nL 193/148  \n\x0c \n(d) the annual internal audit report as referred to in Article 118(4); \n(e) the evaluation on the Unions finances based on the results achieved, as referred to in Article 318 TFEU, assessing in \nparticular the progress towards the achievement of policy objectives taking into account the performance indicators \nreferred to in Article 33 of this Regulation; \n(f) the report on the follow-up to the discharge as referred to in Article 261(3). ', ' \nThe integrated financial and accountability reporting referred to in paragraph 1 shall present each report in a \nseparate and clearly identifiable manner. Each individual report shall be made available to the European Parliament, to the \nCouncil and to the Court of Auditors by 30 June, with the exception of the final consolidated accounts. \nCHAPTER 3 \nBudgetary and other financial reporting ']",the annual management and performance report providing for a clear and concise summary of the internal control and financial management achievements referred to in the annual activity reports of each authorising officer by delegation and including information on key governance arrangements in the commission by 31 july of the following financial year the commission shall communicate to the european parliament and to the council an integrated set of financial and accountability reports which includes to in article 246
performance indicator,refer,article,the report on the followup to in article 33 of this regulation to the discharge,"['report', 'followup', 'article', 'regulation', 'discharge']",TITLE XIII ANNUAL ACCOUNTS AND OTHER FINANCIAL REPORTING,Article 247  Integrated financial and accountability reporting ,"[' \nBy 31 July of the following financial year the Commission shall communicate to the European Parliament and to \nthe Council an integrated set of financial and accountability reports which includes: \n(a) the final consolidated accounts as referred to in Article 246; \n(b) the annual management and performance report providing for a clear and concise summary of the internal control \nand financial management achievements referred to in the annual activity reports of each authorising officer by \ndelegation and including information on key governance arrangements in the Commission as well as: \n(i) an estimation of the level of error in Union expenditure based on a consistent methodology and an estimate of \nfuture corrections; \n(ii) information on the preventive and corrective actions covering the budget, which shall present the financial \nimpact of the actions taken to protect the budget from expenditure in breach of law; \n(iii) information on the implementation of the Commissions anti-fraud strategy; \n(c) a long-term forecast of future inflows and outflows covering the next five years, based on the applicable multiannual \nfinancial frameworks and Decision 2014/335/EU, Euratom; \nL 193/148  \n\x0c \n(d) the annual internal audit report as referred to in Article 118(4); \n(e) the evaluation on the Unions finances based on the results achieved, as referred to in Article 318 TFEU, assessing in \nparticular the progress towards the achievement of policy objectives taking into account the performance indicators \nreferred to in Article 33 of this Regulation; \n(f) the report on the follow-up to the discharge as referred to in Article 261(3). ', ' \nThe integrated financial and accountability reporting referred to in paragraph 1 shall present each report in a \nseparate and clearly identifiable manner. Each individual report shall be made available to the European Parliament, to the \nCouncil and to the Court of Auditors by 30 June, with the exception of the final consolidated accounts. \nCHAPTER 3 \nBudgetary and other financial reporting ']",the report on the followup to in article 33 of this regulation to the discharge
performance indicator,refer,article,to in article 261(3,['article'],TITLE XIII ANNUAL ACCOUNTS AND OTHER FINANCIAL REPORTING,Article 247  Integrated financial and accountability reporting ,"[' \nBy 31 July of the following financial year the Commission shall communicate to the European Parliament and to \nthe Council an integrated set of financial and accountability reports which includes: \n(a) the final consolidated accounts as referred to in Article 246; \n(b) the annual management and performance report providing for a clear and concise summary of the internal control \nand financial management achievements referred to in the annual activity reports of each authorising officer by \ndelegation and including information on key governance arrangements in the Commission as well as: \n(i) an estimation of the level of error in Union expenditure based on a consistent methodology and an estimate of \nfuture corrections; \n(ii) information on the preventive and corrective actions covering the budget, which shall present the financial \nimpact of the actions taken to protect the budget from expenditure in breach of law; \n(iii) information on the implementation of the Commissions anti-fraud strategy; \n(c) a long-term forecast of future inflows and outflows covering the next five years, based on the applicable multiannual \nfinancial frameworks and Decision 2014/335/EU, Euratom; \nL 193/148  \n\x0c \n(d) the annual internal audit report as referred to in Article 118(4); \n(e) the evaluation on the Unions finances based on the results achieved, as referred to in Article 318 TFEU, assessing in \nparticular the progress towards the achievement of policy objectives taking into account the performance indicators \nreferred to in Article 33 of this Regulation; \n(f) the report on the follow-up to the discharge as referred to in Article 261(3). ', ' \nThe integrated financial and accountability reporting referred to in paragraph 1 shall present each report in a \nseparate and clearly identifiable manner. Each individual report shall be made available to the European Parliament, to the \nCouncil and to the Court of Auditors by 30 June, with the exception of the final consolidated accounts. \nCHAPTER 3 \nBudgetary and other financial reporting ']",to in article 2613
integrate financial accountability report,refer,paragraph,shall present each report in a separate and clearly identifiable manner to in paragraph 1,"['report', 'separate clearly identifiable manner', 'paragraph']",TITLE XIII ANNUAL ACCOUNTS AND OTHER FINANCIAL REPORTING,Article 247  Integrated financial and accountability reporting ,"[' \nBy 31 July of the following financial year the Commission shall communicate to the European Parliament and to \nthe Council an integrated set of financial and accountability reports which includes: \n(a) the final consolidated accounts as referred to in Article 246; \n(b) the annual management and performance report providing for a clear and concise summary of the internal control \nand financial management achievements referred to in the annual activity reports of each authorising officer by \ndelegation and including information on key governance arrangements in the Commission as well as: \n(i) an estimation of the level of error in Union expenditure based on a consistent methodology and an estimate of \nfuture corrections; \n(ii) information on the preventive and corrective actions covering the budget, which shall present the financial \nimpact of the actions taken to protect the budget from expenditure in breach of law; \n(iii) information on the implementation of the Commissions anti-fraud strategy; \n(c) a long-term forecast of future inflows and outflows covering the next five years, based on the applicable multiannual \nfinancial frameworks and Decision 2014/335/EU, Euratom; \nL 193/148  \n\x0c \n(d) the annual internal audit report as referred to in Article 118(4); \n(e) the evaluation on the Unions finances based on the results achieved, as referred to in Article 318 TFEU, assessing in \nparticular the progress towards the achievement of policy objectives taking into account the performance indicators \nreferred to in Article 33 of this Regulation; \n(f) the report on the follow-up to the discharge as referred to in Article 261(3). ', ' \nThe integrated financial and accountability reporting referred to in paragraph 1 shall present each report in a \nseparate and clearly identifiable manner. Each individual report shall be made available to the European Parliament, to the \nCouncil and to the Court of Auditors by 30 June, with the exception of the final consolidated accounts. \nCHAPTER 3 \nBudgetary and other financial reporting ']",shall present each report in a separate and clearly identifiable manner to in paragraph 1
integrate financial accountability report,present,report,each report in a separate and clearly identifiable manner,"['report', 'separate clearly identifiable manner']",TITLE XIII ANNUAL ACCOUNTS AND OTHER FINANCIAL REPORTING,Article 247  Integrated financial and accountability reporting ,"[' \nBy 31 July of the following financial year the Commission shall communicate to the European Parliament and to \nthe Council an integrated set of financial and accountability reports which includes: \n(a) the final consolidated accounts as referred to in Article 246; \n(b) the annual management and performance report providing for a clear and concise summary of the internal control \nand financial management achievements referred to in the annual activity reports of each authorising officer by \ndelegation and including information on key governance arrangements in the Commission as well as: \n(i) an estimation of the level of error in Union expenditure based on a consistent methodology and an estimate of \nfuture corrections; \n(ii) information on the preventive and corrective actions covering the budget, which shall present the financial \nimpact of the actions taken to protect the budget from expenditure in breach of law; \n(iii) information on the implementation of the Commissions anti-fraud strategy; \n(c) a long-term forecast of future inflows and outflows covering the next five years, based on the applicable multiannual \nfinancial frameworks and Decision 2014/335/EU, Euratom; \nL 193/148  \n\x0c \n(d) the annual internal audit report as referred to in Article 118(4); \n(e) the evaluation on the Unions finances based on the results achieved, as referred to in Article 318 TFEU, assessing in \nparticular the progress towards the achievement of policy objectives taking into account the performance indicators \nreferred to in Article 33 of this Regulation; \n(f) the report on the follow-up to the discharge as referred to in Article 261(3). ', ' \nThe integrated financial and accountability reporting referred to in paragraph 1 shall present each report in a \nseparate and clearly identifiable manner. Each individual report shall be made available to the European Parliament, to the \nCouncil and to the Court of Auditors by 30 June, with the exception of the final consolidated accounts. \nCHAPTER 3 \nBudgetary and other financial reporting ']",each report in a separate and clearly identifiable manner
individual report,make,final consolidated account,by 30 june with the exception of the final consolidated accounts,"['30 june', 'exception', 'final consolidated account']",TITLE XIII ANNUAL ACCOUNTS AND OTHER FINANCIAL REPORTING,Article 247  Integrated financial and accountability reporting ,"[' \nBy 31 July of the following financial year the Commission shall communicate to the European Parliament and to \nthe Council an integrated set of financial and accountability reports which includes: \n(a) the final consolidated accounts as referred to in Article 246; \n(b) the annual management and performance report providing for a clear and concise summary of the internal control \nand financial management achievements referred to in the annual activity reports of each authorising officer by \ndelegation and including information on key governance arrangements in the Commission as well as: \n(i) an estimation of the level of error in Union expenditure based on a consistent methodology and an estimate of \nfuture corrections; \n(ii) information on the preventive and corrective actions covering the budget, which shall present the financial \nimpact of the actions taken to protect the budget from expenditure in breach of law; \n(iii) information on the implementation of the Commissions anti-fraud strategy; \n(c) a long-term forecast of future inflows and outflows covering the next five years, based on the applicable multiannual \nfinancial frameworks and Decision 2014/335/EU, Euratom; \nL 193/148  \n\x0c \n(d) the annual internal audit report as referred to in Article 118(4); \n(e) the evaluation on the Unions finances based on the results achieved, as referred to in Article 318 TFEU, assessing in \nparticular the progress towards the achievement of policy objectives taking into account the performance indicators \nreferred to in Article 33 of this Regulation; \n(f) the report on the follow-up to the discharge as referred to in Article 261(3). ', ' \nThe integrated financial and accountability reporting referred to in paragraph 1 shall present each report in a \nseparate and clearly identifiable manner. Each individual report shall be made available to the European Parliament, to the \nCouncil and to the Court of Auditors by 30 June, with the exception of the final consolidated accounts. \nCHAPTER 3 \nBudgetary and other financial reporting ']",by 30 june with the exception of the final consolidated accounts
accounting officer commission,send,european parliament,in addition to the annual statements and reports provided for in articles 243 and 244 once to the european parliament and to the council figures,"['addition', 'annual statement', 'report', 'article', 'european parliament', 'council figure']",TITLE XIII ANNUAL ACCOUNTS AND OTHER FINANCIAL REPORTING,Article 248  Monthly reporting on budget implementation ,"['\nIn addition to the annual statements and reports provided for in Articles 243 and 244, the accounting officer of the \nCommission shall send once a month to the European Parliament and to the Council figures, aggregated at chapter level \nat least, as well as separately broken down by chapter, article and item, on budget implementation, both for revenue and \nfor expenditure covering all available appropriations. Those figures shall also provide details of the use of appropriations \ncarried over. \nThe figures shall be made available within 10 working days of the end of each month via the Commissions website. ']",in addition to the annual statements and reports provided for in articles 243 and 244 once to the european parliament and to the council figures
council figure,provide,appropriation,details of the use of appropriations carried over also,"['detail', 'use', 'appropriation']",TITLE XIII ANNUAL ACCOUNTS AND OTHER FINANCIAL REPORTING,Article 248  Monthly reporting on budget implementation ,"['\nIn addition to the annual statements and reports provided for in Articles 243 and 244, the accounting officer of the \nCommission shall send once a month to the European Parliament and to the Council figures, aggregated at chapter level \nat least, as well as separately broken down by chapter, article and item, on budget implementation, both for revenue and \nfor expenditure covering all available appropriations. Those figures shall also provide details of the use of appropriations \ncarried over. \nThe figures shall be made available within 10 working days of the end of each month via the Commissions website. ']",details of the use of appropriations carried over also
council figure,make,10 working day,within 10 working days of the end of each month via the commissions website,"['10 working day', 'end', 'month', 'commission website']",TITLE XIII ANNUAL ACCOUNTS AND OTHER FINANCIAL REPORTING,Article 248  Monthly reporting on budget implementation ,"['\nIn addition to the annual statements and reports provided for in Articles 243 and 244, the accounting officer of the \nCommission shall send once a month to the European Parliament and to the Council figures, aggregated at chapter level \nat least, as well as separately broken down by chapter, article and item, on budget implementation, both for revenue and \nfor expenditure covering all available appropriations. Those figures shall also provide details of the use of appropriations \ncarried over. \nThe figures shall be made available within 10 working days of the end of each month via the Commissions website. ']",within 10 working days of the end of each month via the commissions website
union institution body,refer,budgetary financial management,shall prepare a report on budgetary and financial management for the financial year to in article 241,"['report', 'budgetary financial management', 'financial year', 'article']",TITLE XIII ANNUAL ACCOUNTS AND OTHER FINANCIAL REPORTING,Article 249  Annual report on budgetary and financial management ,"[' \nEach Union institution and each body referred to in Article 241 shall prepare a report on budgetary and financial \nmanagement for the financial year. \nThey shall make the report available to the European Parliament, to the Council and to the Court of Auditors, by \n31 March of the following financial year. ', ' \nThe report referred to in paragraph 1 shall provide summary information on the transfers of appropriations among \nthe various budgetary items. ']",shall prepare a report on budgetary and financial management for the financial year to in article 241
union institution body,prepare,budgetary financial management,a report on budgetary and financial management for the financial year,"['report', 'budgetary financial management', 'financial year']",TITLE XIII ANNUAL ACCOUNTS AND OTHER FINANCIAL REPORTING,Article 249  Annual report on budgetary and financial management ,"[' \nEach Union institution and each body referred to in Article 241 shall prepare a report on budgetary and financial \nmanagement for the financial year. \nThey shall make the report available to the European Parliament, to the Council and to the Court of Auditors, by \n31 March of the following financial year. ', ' \nThe report referred to in paragraph 1 shall provide summary information on the transfers of appropriations among \nthe various budgetary items. ']",a report on budgetary and financial management for the financial year
union institution body,make,budgetary financial management,a report on budgetary and financial management available to the european parliament to the council and to the court of auditors by 31 march of the financial year,"['report', 'budgetary financial management', 'european parliament', 'council', 'court', 'auditor', '31 march', 'financial year']",TITLE XIII ANNUAL ACCOUNTS AND OTHER FINANCIAL REPORTING,Article 249  Annual report on budgetary and financial management ,"[' \nEach Union institution and each body referred to in Article 241 shall prepare a report on budgetary and financial \nmanagement for the financial year. \nThey shall make the report available to the European Parliament, to the Council and to the Court of Auditors, by \n31 March of the following financial year. ', ' \nThe report referred to in paragraph 1 shall provide summary information on the transfers of appropriations among \nthe various budgetary items. ']",a report on budgetary and financial management available to the european parliament to the council and to the court of auditors by 31 march of the financial year
report budgetary financial management,refer,paragraph,shall provide summary information on the transfers of appropriations among the various budgetary items to in paragraph 1,"['summary information', 'transfer', 'appropriation', 'budgetary item', 'paragraph']",TITLE XIII ANNUAL ACCOUNTS AND OTHER FINANCIAL REPORTING,Article 249  Annual report on budgetary and financial management ,"[' \nEach Union institution and each body referred to in Article 241 shall prepare a report on budgetary and financial \nmanagement for the financial year. \nThey shall make the report available to the European Parliament, to the Council and to the Court of Auditors, by \n31 March of the following financial year. ', ' \nThe report referred to in paragraph 1 shall provide summary information on the transfers of appropriations among \nthe various budgetary items. ']",shall provide summary information on the transfers of appropriations among the various budgetary items to in paragraph 1
report budgetary financial management,provide,information,summary information on the transfers of appropriations among the various budgetary items,"['information', 'transfer', 'appropriation', 'budgetary item']",TITLE XIII ANNUAL ACCOUNTS AND OTHER FINANCIAL REPORTING,Article 249  Annual report on budgetary and financial management ,"[' \nEach Union institution and each body referred to in Article 241 shall prepare a report on budgetary and financial \nmanagement for the financial year. \nThey shall make the report available to the European Parliament, to the Council and to the Court of Auditors, by \n31 March of the following financial year. ', ' \nThe report referred to in paragraph 1 shall provide summary information on the transfers of appropriations among \nthe various budgetary items. ']",summary information on the transfers of appropriations among the various budgetary items
information,make,time,at the same time,['time'],TITLE XIII ANNUAL ACCOUNTS AND OTHER FINANCIAL REPORTING,"Article 250  Annual report on financial instruments, budgetary guarantees and financial assistance ","['\nThe Commission shall report annually to the European Parliament and to the Council on financial instruments, budgetary \nguarantees, financial assistance and contingent liabilities in accordance with Article 41(4) and (5) and with points (d) and \n(e) of Article 52(1). That information shall be made available to the Court of Auditors at the same time. ']",at the same time
accounting officer commission,send,financial year,a report containing information on current risks noted general trends observed new accounting issues encountered and progress on accounting matters including where identified by the court of auditors as well as information on recoveries by 15 september of each financial year to the european parliament and to the council,"['report', 'information', 'current risk', 'general trend', 'new accounting issue', 'accounting matter', 'court', 'auditor', 'information', 'recovery', '15 september', 'financial year', 'european parliament', 'council']",TITLE XIII ANNUAL ACCOUNTS AND OTHER FINANCIAL REPORTING,Article 251  Status report on accounting issues ,"['\nBy 15 September of each financial year, the accounting officer of the Commission shall send to the European Parliament \nand to the Council a report containing information on current risks noted, general trends observed, new accounting \nissues encountered and progress on accounting matters, including where identified by the Court of Auditors, as well as \ninformation on recoveries. ']",a report containing information on current risks noted general trends observed new accounting issues encountered and progress on accounting matters including where identified by the court of auditors as well as information on recoveries by 15 september of each financial year to the european parliament and to the council
board union trust fund concern,approve,union trust fund,the annual report of the union trust fund drawn up by the authorising officer,"['annual report', 'union trust fund', 'authorise officer']",TITLE XIII ANNUAL ACCOUNTS AND OTHER FINANCIAL REPORTING,Article 252  Reporting on Union trust funds for external actions ,"['\nIn accordance with Article 41(6), the Commission shall report annually to the European Parliament and to the Council on \nthe activities supported by Union trust funds referred to in Article 234, on their implementation and performance, as well \nas on their accounts. \nThe Board of the Union trust fund concerned shall approve the annual report of the Union trust fund drawn up by the \nauthorising officer. It shall also approve the final accounts drawn up by the accounting officer. The final accounts shall be \npresented by the Board to the European Parliament and Council in the context of the discharge procedure for the \nCommission.   \x0c ']",the annual report of the union trust fund drawn up by the authorising officer
board union trust fund concern,approve,authorise officer,the final accounts drawn up by the authorising officer also,"['final account', 'authorise officer']",TITLE XIII ANNUAL ACCOUNTS AND OTHER FINANCIAL REPORTING,Article 252  Reporting on Union trust funds for external actions ,"['\nIn accordance with Article 41(6), the Commission shall report annually to the European Parliament and to the Council on \nthe activities supported by Union trust funds referred to in Article 234, on their implementation and performance, as well \nas on their accounts. \nThe Board of the Union trust fund concerned shall approve the annual report of the Union trust fund drawn up by the \nauthorising officer. It shall also approve the final accounts drawn up by the accounting officer. The final accounts shall be \npresented by the Board to the European Parliament and Council in the context of the discharge procedure for the \nCommission.   \x0c ']",the final accounts drawn up by the authorising officer also
final account draw accounting officer,present,union trust fund,by the board of the union trust fund,"['board', 'union trust fund']",TITLE XIII ANNUAL ACCOUNTS AND OTHER FINANCIAL REPORTING,Article 252  Reporting on Union trust funds for external actions ,"['\nIn accordance with Article 41(6), the Commission shall report annually to the European Parliament and to the Council on \nthe activities supported by Union trust funds referred to in Article 234, on their implementation and performance, as well \nas on their accounts. \nThe Board of the Union trust fund concerned shall approve the annual report of the Union trust fund drawn up by the \nauthorising officer. It shall also approve the final accounts drawn up by the accounting officer. The final accounts shall be \npresented by the Board to the European Parliament and Council in the context of the discharge procedure for the \nCommission.   \x0c ']",by the board of the union trust fund
